node,r2_adj,r2,n_obs,dominant,dominant_t,beta_CL,t_CL,varshare_CL,beta_NG,t_NG,varshare_NG,beta_CRACK_321,t_CRACK_321,varshare_CRACK_321,beta_WTI_BRENT,t_WTI_BRENT,varshare_WTI_BRENT,beta_SPX,t_SPX,varshare_SPX,beta_TNX,t_TNX,varshare_TNX,beta_URA,t_URA,varshare_URA,beta_BDRY,t_BDRY,varshare_BDRY
upstream_oil_eandp,0.5923252505289638,0.6048690889742265,261,CL,3.3381067534193334,0.9654391004836147,3.3381067534193334,1.0620496581793184,0.008336145131668034,1.0928599506182617,0.0018657033526957158,0.02003439894440667,1.2588944207670008,0.1512018233929109,-0.007514948106076034,-3.5149560779458184,0.02127435319826932,0.5016514184950442,5.06795704246611,0.04777787902970584,0.005020822063883602,2.4424063628168327,0.009496291866034939,0.15031656890820125,3.242125034476291,0.027484258999267496,0.05013317610422561,1.7643072359487255,0.006242581496673975
ofs_onshore,0.536758271444226,0.551011863092096,261,CL,3.0219153627059305,0.9932830152249958,3.0219153627059305,0.9236098736939159,0.003397258870091313,0.3607683369382437,0.00025457563343342333,0.02499959639142661,1.4456605402706146,0.1934273493289231,-0.005401047271368709,-2.6109499188012104,0.009028338686145516,0.6294112287850582,4.322864098448968,0.06179299468742068,0.004736697185437144,2.1823237273538223,0.006943894737930474,0.26791313447234255,4.034433863909066,0.0717308253484663,0.0275892410526678,0.9944792272428667,0.0015532479243602184
minerals_royalty,0.4817999511904948,0.4977445680769411,261,CL,1.1227116641373605,0.2689880004764802,1.1227116641373605,0.20110459357094562,0.010132025829265518,2.3192707485681154,0.006723040943006851,-0.003321884611071216,-0.2450113166154375,0.010139921677826983,-0.00236502784418411,-1.8377898019579029,0.0051397030892384515,0.31423993867204775,4.755715152297383,0.045730574960438045,0.003752418876441615,2.369129050488076,0.012938625390420181,0.11342911966583491,3.0742372078402598,0.03817513389839156,0.024528169241606806,1.3623420558620845,0.003645064114630443
midstream_gpt,0.4715993562917329,0.48785783763660273,261,CL,1.389628468066765,0.294571230010802,1.389628468066765,0.2902326714847312,0.0045083489988158795,0.8576103385776487,0.0016018347145021425,0.00105677885020433,0.09098186565441395,0.0012349324607233171,-0.0016917543378801572,-1.1997926005702042,0.0031648241065355964,0.4409092515808037,6.783251507390218,0.10834073757207205,-0.00040061315299200266,-0.2680815425040497,0.00017747017947287384,0.09231007734766991,2.9965155498232225,0.030425599289143727,0.01763932871330566,1.075920466975814,0.0022685506277997434
ofs_offshore,0.4468158617247221,0.4638369121331922,261,CL,2.9201646024734673,0.9738226292180738,2.9201646024734673,0.8994432408469469,-0.0009330861947399804,-0.098000685265316,1.9456941270347935e-05,0.02800866001753005,1.5444701049442866,0.24598466831313276,-0.005337039469252623,-2.9193185634798393,0.008931495929114025,0.6462696005607204,3.815048281100876,0.06600384189475046,0.003203546288930279,1.399218548889605,0.0032179951313468665,0.2532511614836894,3.51928979230417,0.06493699659434717,0.05458519976083763,1.7249404047503953,0.0061600263794640234
midstream_pipelines,0.42400853361973245,0.44173134796989455,261,CL,1.8759694282503834,0.3629293785282251,1.8759694282503834,0.48810739583165424,0.0030851656145411063,0.5571844727297715,0.0008310843510298646,0.0065751125189472525,0.6278025716002404,0.05296474113987766,-0.002872447535769211,-2.3313911795431235,0.010108452762894793,0.39170921491768096,5.151196983856587,0.09473848519578071,-0.0012005725901384884,-0.6582959763432948,0.001765864286739264,0.09132019935181335,2.872709634831277,0.032989832337091456,0.006209176028362393,0.3359287483734417,0.00031142810874483967
ofs_equipment,0.4236459415188796,0.44137991254906794,261,CL,2.9035454911624243,1.1460782987780296,2.9035454911624243,1.266138932727862,0.0016302067775992857,0.18254663505290955,6.0360826213600883e-05,0.03742273486593076,1.8295710835807093,0.44630645461174134,-0.005568165855409221,-2.345924416793676,0.009880671213135865,0.5916246677471633,3.489081668668619,0.056217697399902664,0.00278338674925605,1.1031914646719754,0.002468932593970727,0.22478685244309926,2.78928928281963,0.05199599170127895,0.026892404787573054,0.784467205532102,0.001519605267257609
upstream_offshore_drillers,0.4220245043055071,0.4398083657114915,261,CL,2.0655375782979966,0.586902251322594,2.0655375782979966,0.39565252605029905,0.0014897200492137036,0.17733058808631186,6.0063234982071227e-05,0.00941807997403269,0.6306011469510872,0.033683443016642736,-0.004324518483734492,-1.880821135390623,0.007101780495150584,0.5367900277912531,3.833237191016081,0.0551466317484611,0.005198991680789083,2.5689462854698384,0.010264315067126235,0.2302789669085785,4.457126906401651,0.06502288058413255,0.020234285810745472,0.6547844258225423,0.001025125125845233
iocs_integrated,0.42044390625008754,0.43827640144239255,261,CL,1.5709274270253086,0.3368702609368574,1.5709274270253086,0.2974210774105014,0.0019099192336418283,0.3135680490596824,0.00022526483593258805,-0.0008587930557861518,-0.07384739811257678,0.0006390469732667323,-0.00393476212355348,-2.96502794212658,0.013415062440462448,0.2112750736653068,2.059936472629677,0.01949263908521977,0.001449891941972649,0.8302667340009192,0.0018214909025285224,0.10589337738596663,2.4328068748589113,0.03137323229521347,0.03632319743713315,1.898691402505933,0.00753760309662938
downstream_refiners,0.38358663770054313,0.40255320269437267,261,CL,2.1705410449596867,0.7480354226010336,2.1705410449596867,0.7782060111014459,0.006383346327136243,0.9805940105586431,0.0013352545618937985,0.02003819782870197,0.9937328057989725,0.18461921939655102,-0.005512152074800792,-2.8588390445433327,0.013970179046086323,0.44121854731016347,3.439335528988017,0.045111315867822244,0.00650635906901831,3.188600181893535,0.019464159058889756,0.1480896712373586,2.631769202657211,0.032559300017168544,0.05063645773526378,1.8016949374419144,0.007773124311939969
upstream_gas_eandp,0.36090897007323974,0.38057330945560164,261,CL,1.3545632801489267,0.4680181643984385,1.3545632801489267,0.26648614497926854,0.0371587979859957,2.897231520686983,0.03958125246908505,0.005107173379244299,0.25504544575044114,0.010491069331914077,-0.0033328528196796227,-1.1289566730823017,0.004467770176714092,0.47302614435568924,3.7627227787119697,0.04535730352547041,0.004800817271556442,2.0905724401266053,0.009270195781362596,0.1557283900459216,2.4912067150915322,0.03149633873419731,0.013821427273606218,0.4093825884502966,0.0005066099651495346
lng_terminals,0.31666731184246166,0.3376929330165398,261,SPX,4.11190843820938,0.22206530908310182,0.6552862942656946,0.0571463487767459,0.01923074831068046,2.369371326429721,0.01009802450220268,-0.010028575113010566,-0.5256937855963182,0.0385314055100199,-0.006561886090258055,-1.69787596403016,0.016496574088397362,0.5841398048364109,4.11190843820938,0.06588527669766771,0.004353887162454236,1.3792974129279738,0.00726257661008797,0.09270975010177385,2.176529946619587,0.01063293452538166,0.015045287548922606,0.421358013275911,0.0005718034366285284
power_ipps_merchant,0.3070225273181574,0.32834491109298336,261,SPX,5.983746077829291,0.0022302021748502876,0.008413085920135507,6.789390395961065e-06,-0.005308419801976125,-0.8812947349040684,0.0009063372609558603,-0.0023519749650662437,-0.1626845106869191,0.0024964164668196363,0.0029156085019630897,1.6430333755658468,0.0038362779459319247,0.8237138784150226,5.983746077829291,0.15432020792747958,-0.0006292097799011795,-0.22395794257704407,0.00017866627289547958,0.20600810037719772,3.676289577007333,0.06184237716716718,0.04196349440137673,1.3169689838993803,0.005239674750478267
petrochem,0.2983910043179784,0.31997897341588677,261,SPX,6.813631315423008,0.051589467480609746,0.16495365380483862,0.004247746637434335,0.0008969871304151221,0.14644556737150258,3.0257005268054478e-05,-0.009618866735213644,-0.5276188623314592,0.048819538306394406,-0.00222344422844391,-0.9386229843959824,0.002608544998687698,0.8157582469131746,6.813631315423008,0.17696491923574403,0.001720276372938802,0.7847649374676025,0.0015615011248201012,0.06999002432751493,1.2930764089180042,0.008346109382710073,0.011224273012416894,0.42863083190924295,0.00043830021540185437
power_utilities_regulated_gas,0.26463715905847085,0.2872637080105179,261,CRACK_321,-2.5645611288854364,-0.3028160671753633,-2.5964190341276385,0.5678881795127608,-0.0011062531007034096,-0.22321785793416826,0.0001785792536512517,-0.017188165028116723,-2.5645611288854364,0.6048857683297375,0.0015710287427886604,1.0662061834544132,0.005053387462178914,0.37310154203406526,5.825692938369851,0.14364377466634448,-0.006475463496939396,-4.801965313097915,0.0858531147683872,0.0023971169226993435,0.10375414668849794,3.798907366543398e-05,-0.0035248046107045263,-0.29449357190142356,0.00016772346321572695
power_renewables,0.24970154257591715,0.27278764895819674,261,SPX,4.771569074586634,-0.034847538542968626,-0.16826338542018324,0.0029166446970658325,-0.00030041752719654383,-0.05519029468079533,5.107482048665218e-06,-0.006389391930239279,-0.5380632658410791,0.03241661835734675,-0.00031349126113935254,-0.18498762946345176,7.803681364059523e-05,0.46914293977256016,4.771569074586634,0.08808001990494493,-0.00975760770512869,-4.376423499811209,0.07560236089137973,0.1057509799152252,2.5350759368767597,0.028673676552828188,0.00028624106353607854,0.011835219377671537,4.289650530320173e-07
tanker_shipping,0.24343613355734783,0.26671502175558337,261,CL,2.0251172770470243,0.43851236073165517,2.0251172770470243,0.31186857253131406,-0.0019845573260114744,-0.2836514629849976,0.000150505451889702,0.013055630004043858,1.094253461871832,0.09139300094745571,-0.0017384140155968912,-0.9125471855206941,0.0016204054677898861,0.44080101041676867,3.6548114591667287,0.052507436666346885,0.00886119684763548,3.0012157371495594,0.04210193332642493,0.13270303579669007,2.844860221312831,0.03048912198304571,0.056724915807846193,1.7092584037759273,0.011375601738903228
coal,0.24321988490840063,0.26650542691121915,261,CRACK_321,-2.5665345596320477,-0.604410874103357,-1.6056024551785113,0.2957757068934257,0.0038874219754822235,0.317790798159565,0.00028829581320316354,-0.05480414623295318,-2.5665345596320477,0.803959428763861,-0.0054578139142794045,-1.4855840120923864,0.007973421968314454,0.1922725099826208,0.9404240158321474,0.004987237787208324,0.005942051973089522,1.8798897516359971,0.0094510528602823,0.2860433100649242,3.8505218118401356,0.07071911563258906,0.04514137818903786,0.9283855863864027,0.0035963861529771397
power_utilities_regulated_ldc,0.20557693549109313,0.23002072209136726,261,CRACK_321,-1.8702168635578331,-0.24387000312187726,-1.6403315732017543,0.3048455322526826,0.0015447445920219308,0.2740125042139135,0.00028819964122613425,-0.0156271447593409,-1.8702168635578331,0.41383924650265586,0.0012685333044185384,0.785189501968121,0.0027269435757679493,0.36202513520594404,5.333887182600891,0.11193560144293341,-0.005884489179126848,-4.163370734428817,0.058679977876812325,0.017243721773988117,0.5904976391550754,0.0016270479393689183,0.0008681584615117764,0.06443897965813937,8.421312774767594e-06
downstream_biofuels,0.17427609851065395,0.19968298778724936,261,SPX,4.038368593169774,0.228350530406598,0.6898322685261472,0.05203946662329332,-0.0009344741909431101,-0.1206858757046383,2.0534324066638213e-05,-0.004709595591711915,-0.2602003890327251,0.0073182182505707565,-0.005225698390329589,-1.8299347242357704,0.009010041781200136,0.6892758353718269,4.038368593169774,0.07900282391977351,-0.0009147033334332877,-0.2968554967489223,0.00027605692637877724,0.039388541488505555,0.697557210747038,0.0016528896304297844,0.039082268103579475,0.8405606358260949,0.0033228216579952734
uranium_nuclear_fuel,0.16650032117621183,0.18894069714454464,261,SPX,6.323966248804505,-0.1511299587782406,-0.307589987651807,0.008473408347884813,0.011979660856435613,0.8164951794369056,0.0012544780228538337,-0.016700408255017514,-0.6986811151630952,0.03420743590643486,0.0021041902667431633,0.38545650516913116,0.0005430456769529655,1.5240166141979081,6.323966248804505,0.14357014303466373,0.01296738799994117,3.1119965899839572,0.02062392673931107,,,,-0.1120076166785738,-1.5077024912054477,0.010145439073760826
downstream_retail,0.11979873186674839,0.14688184780931002,261,CRACK_321,-1.30112462919458,-0.22472767378641673,-1.1551308701384615,0.15031144907240154,0.002688791763385646,0.45664450150484137,0.000507002719937848,-0.014095910842785862,-1.30112462919458,0.1955125205810837,-0.0006792030588717878,-0.4831979191967685,0.0004539286064646683,0.5657241327621986,5.507872282161142,0.1587143084592675,0.0025366835305825315,1.444473688203547,0.00633170780642621,-0.07208099711685961,-1.8489337549757259,0.016508050506867118,-0.047838661689836394,-2.2925824138736375,0.014847581507593221
