ticker,name,node,beta_to_basket,alpha_annual,r2,resid_std_daily,cum_resid_60d,cum_resid_20d,z_resid_60d,z_resid_20d,n_obs
COP,ConocoPhillips,upstream_oil_eandp,0.7742529923989571,0.069202168307631,0.7446753051602384,0.010460147907002927,-0.05513685190007487,-0.05815048177133351,-0.6805006043567505,-1.243084049299263,1254
EOG,EOG Resources,upstream_oil_eandp,0.7800642432994326,0.02998134948353263,0.7464621529822668,0.010481467786234563,0.03364913722458955,-0.026579008952351733,0.41445387466386957,-0.5670243138092483,1254
FANG,Diamondback Energy,upstream_oil_eandp,0.9279778026855957,0.07542034510913183,0.7841462896528966,0.011167893592300545,-0.01104853618380459,0.041443649251711574,-0.12771968824794436,0.8297967400618429,1254
OXY,Occidental Petroleum,upstream_oil_eandp,0.9041721719879277,0.017217249613364842,0.6807513585149003,0.014210195802594604,0.010340834718234639,-0.08435027723356953,0.09394634952248773,-1.3273072126196601,1254
DVN,Devon Energy,upstream_oil_eandp,1.0091228374124035,0.017161280151936055,0.7763483772336827,0.012391505207678455,-0.10737286242008404,-0.02886716135780624,-1.1186515843394613,-0.5209127868784804,1254
CTRA,Coterra Energy,upstream_oil_eandp,0.6958594128969324,0.07554134236847762,0.5446403415509027,0.0147117104148365,-0.068011285691024,-0.03275548634530959,-0.5968183834691986,-0.497858454516027,1254
OVV,Ovintiv,upstream_oil_eandp,1.1475360378770885,0.016150845101390875,0.7983310722047938,0.01312819600055187,0.048615974599570524,0.055397445378448894,0.4780775159457409,0.9435603615366198,1254
APA,APA Corporation,upstream_oil_eandp,1.1867630784932626,-0.03138723491558046,0.7662989497227071,0.014898153590585583,0.14823644745962705,-0.001794248987948336,1.2845379100644203,-0.02692993249947414,1254
PR,Permian Resources,upstream_oil_eandp,1.2133174133303528,0.15552418223521614,0.7506056600322102,0.015871029322770697,-0.02333045117314181,0.021146537448205542,-0.18977649362549162,0.29793338706199113,1254
MTDR,Matador Resources,upstream_oil_eandp,1.1804654657869809,-0.020300426443229786,0.7998966943715655,0.013420115580962084,0.001150543075570297,-0.043058608723467715,0.011068047176134603,-0.7174452078402802,1254
CHRD,Chord Energy,upstream_oil_eandp,0.9421440199364801,0.08030078847076949,0.7328576485678053,0.013042908692216682,0.15337814453756218,0.0389516875285015,1.5181455136119513,0.6677852556311765,1254
SM,SM Energy,upstream_oil_eandp,1.3411436496662519,-0.08851670835093389,0.7714457928208641,0.01649395951296844,0.0998724699407292,-0.001423335811675668,0.7817092322412911,-0.019296007288087745,1254
MGY,Magnolia Oil & Gas,upstream_oil_eandp,1.0006770906784663,0.04196206871955256,0.8115321635658754,0.01102791802064795,-0.1320182090355818,-0.04543336176371934,-1.5454846026046656,-0.9212263380975615,1254
NOG,Northern Oil & Gas,upstream_oil_eandp,1.187314680236933,-0.05706701479506213,0.7513714731550971,0.01552323439608442,-0.23150827966866067,-0.12640906962514287,-1.9253455579077368,-1.8208787256708645,1254
CRGY,Crescent Energy,upstream_oil_eandp,1.1694212857393518,-0.1455004081530322,0.6615866060692543,0.01862291879668375,0.08637459759888994,0.039097023465068874,0.5987736252805482,0.46944092459537656,1105
MUR,Murphy Oil,upstream_oil_eandp,1.1380564743430086,0.0011855559981747913,0.784036728339917,0.01359796752449152,-0.007566078998526175,-0.0037291958260123794,-0.07183254385775649,-0.061323395230596975,1254
CRC,California Resources,upstream_oil_eandp,0.8037215667921684,0.08651304460129917,0.5064389159918663,0.01828152240227443,-0.05711409116284266,-0.08436484679805567,-0.40332513350555127,-1.0318918096686427,1254
TALO,Talos Energy,upstream_oil_eandp,1.2883265485370907,-0.1617745114728393,0.6820972822551683,0.019902043362434327,-0.030729642368158942,0.02295402320439608,-0.19933529932816574,0.25789691695184375,1254
KOS,Kosmos Energy,upstream_oil_eandp,1.4437211126055474,-0.24161872351551109,0.5376588061259007,0.030107323015596012,0.4538950782356345,0.06500208615246358,1.9462906948158911,0.4827698671214093,1254
HPK,HighPeak Energy,upstream_oil_eandp,1.1371040783125375,-0.2607405442536692,0.3647934801260698,0.03410690417982022,0.1545639287794035,-0.005038280602317436,0.5850462797120923,-0.033031253311949685,1254
REPX,Riley Exploration Permian,upstream_oil_eandp,0.951110158386012,-0.09871535338312896,0.3119280243972036,0.03231940333732979,0.012331667680377793,-0.14448102798809379,0.0492586894406999,-0.9996143699449841,1254
VTS,Vitesse Energy,upstream_oil_eandp,0.7348797660219732,0.08241563652753572,0.41285009594391264,0.017851182677626847,-0.2988268175872199,0.021618171733545508,-2.1611103847029507,0.2707927111521697,832
GRNT,Granite Ridge Resources,upstream_oil_eandp,0.4127797829014116,-0.12262475844063085,0.14930952934843933,0.023028424273119796,0.08439512127697317,0.011939850563791973,0.4731267401397275,0.11593636275405943,1254
GFR,Greenfire Resources,upstream_oil_eandp,0.35259960157120573,-0.16208365688491322,0.08881896057749328,0.02587684733370896,-0.05462199583269447,-0.00837892854020536,-0.2725088280248845,-0.07240392754532216,1102
EGY,VAALCO Energy,upstream_oil_eandp,1.133422294893676,0.036512496015845004,0.5180273759438598,0.024861354015519053,0.021056779637873925,0.010150770996960889,0.10934314198566725,0.09129757759400127,1254
GPRK,GeoPark,upstream_oil_eandp,0.788303734162169,-0.19712109672649714,0.3883189797375448,0.022785728245839278,0.01834118720804653,0.13028124711153943,0.10391755143106282,1.2785096073813025,1254
WTI,W&T Offshore,upstream_oil_eandp,1.4849171783334913,-0.2062147935003953,0.597378076380396,0.027383832332726517,0.2283364263972607,0.297919528628435,1.07647846854051,2.432706677953674,1254
SD,SandRidge Energy,upstream_oil_eandp,1.0102707923271257,0.1542789212330416,0.566939239992617,0.020172060712852952,-0.37767196613060516,-0.06722883981362496,-2.4170679369762347,-0.7452300387730125,1254
BKV,BKV Corporation,upstream_gas_eandp,1.038007719824428,0.102138258976771,0.5009682227154754,0.01965012470384726,-0.028367906098338225,0.149130521416574,-0.18637443704386744,1.697017135683414,402
DEC,Diversified Energy,upstream_gas_eandp,inf,inf,,,-inf,-inf,,,609
TPL,Texas Pacific Land,minerals_royalty,1.1372406712609449,-0.1750736649920597,0.3278930672583762,0.023683370303986262,0.08422480638430258,-0.05318079988012073,0.459114374737793,-0.5021070992152975,1254
VNOM,Viper Energy,minerals_royalty,1.0687335722510785,-0.04994106085429969,0.48485953197557285,0.016323417849628676,0.03235848236986234,0.05100036859599148,0.2559183468427723,0.6986299812252655,1254
BSM,Black Stone Minerals,minerals_royalty,0.7147283713626925,-0.06290214803600805,0.4447505163208134,0.012438445480460863,-0.14840145289283374,-0.0469965330493993,-1.5402684537222249,-0.8448599366403997,1254
NRP,Natural Resource Partners,minerals_royalty,0.5031477025657157,0.30811204863419456,0.13422897579828708,0.020303779901257913,-0.18225015388407997,-0.07672736623274888,-1.1588183978049165,-0.8450032824691871,1254
SBR,Sabine Royalty Trust,minerals_royalty,0.8489258845933914,0.007957218518660604,0.4145769212548984,0.015395681487912512,0.0265658738712875,0.015796065327492826,0.22276633691450815,0.2294219705508508,1254
PBT,Permian Basin Royalty Trust,minerals_royalty,1.0579376113443932,0.11564828073225207,0.27183193859710475,0.02530445747313771,0.0787525357796717,0.030535019352227872,0.4017833088235631,0.2698274761999342,1254
DMLP,Dorchester Minerals,minerals_royalty,0.7101727081023994,0.01924846993331971,0.3396853370275339,0.015378652487241051,0.0003118142295698012,-0.06279342381868608,0.002617592404441304,-0.9130212436689653,1254
MNR,Mach Natural Resources,minerals_royalty,0.6805342573918947,-0.10292148244284162,0.21081369637365588,0.01631912307850147,0.07694138035674968,0.0635985425590485,0.608677895502184,0.8714356999935353,633
NE,Noble Corp,upstream_offshore_drillers,0.8433903944025283,0.07195995169416955,0.5858637975009409,0.01764156883256549,0.020933657038320275,0.00365406561398841,0.15319065602784382,0.046315263595150334,1232
RIG,Transocean,upstream_offshore_drillers,1.2629465775267161,-0.1247457466516704,0.5034105604297238,0.02785907528127681,-0.10709746045615723,-0.026529519816081624,-0.4962915155174696,-0.21293531504634866,1254
VAL,Valaris,upstream_offshore_drillers,1.014463712590603,0.18292248772923828,0.6059335535315566,0.01962926525812172,-0.11812956349638366,-0.05847626935321759,-0.7769247024786908,-0.6661324895504216,1254
SDRL,Seadrill,upstream_offshore_drillers,0.7438941953817069,0.07003430541109396,0.5003635492556537,0.018822930516937765,0.024831416621990905,0.02984072510420864,0.17030940524584978,0.35449256836416565,891
SOC,Sable Offshore,upstream_offshore_drillers,0.2786678448152023,0.012249753260052218,0.028440628103168053,0.04513833560521256,0.41455923946437506,-0.012341546235979772,1.1856743711189068,-0.061137691412619544,1254
TDW,Tidewater,ofs_offshore,0.9478271573138355,0.2858101624380361,0.486998488266844,0.02395368626835891,0.05716445884464827,-0.09613475875002293,0.3080903632394588,-0.8974145071339007,1254
OII,Oceaneering International,ofs_offshore,1.0845627397646442,0.053327655216307925,0.6325209002177752,0.019921983555302898,0.003987649869420275,0.039919184875754896,0.025840970255962863,0.4480578489625818,1254
HLX,Helix Energy Solutions,ofs_offshore,1.0031647234080536,0.011161457675158838,0.5655810512326043,0.02147041630348694,0.03094887181651004,0.04028331922125798,0.1860924406168201,0.4195365328031751,1254
VTOL,Bristow Group,ofs_offshore,0.6125078141853582,0.0016647320182713022,0.39585124236476343,0.020081028517185164,-0.1084733847610865,-0.13688214608722268,-0.6973673556725547,-1.5242136790710106,1254
INVX,Innovex International,ofs_offshore,0.8429337873764053,-0.20004118830182163,0.533578981080967,0.01988046688574508,0.03436016420133757,0.0922651599188942,0.2231274622296934,1.0377581709686508,1254
FRO,Frontline,tanker_shipping,1.264534998003236,-0.0032804439481187034,0.639276460258505,0.018537883692435402,-0.05870063538302501,-0.04620712925234619,-0.4087963635658891,-0.5573574835596091,1254
INSW,International Seaways,tanker_shipping,1.1052390863491695,0.05413067720400225,0.7193705277761043,0.013626090106361186,0.059376828212572015,0.04020624843981845,0.5625616373267959,0.659792383067453,1254
DHT,DHT Holdings,tanker_shipping,0.9753329097382109,-0.007902178791723327,0.6553729506247159,0.014088554187829807,-0.0041669346487559975,-0.036723579263072105,-0.038183403549214935,-0.5828590962177363,1254
TNK,Teekay Tankers,tanker_shipping,1.2449547711130335,-0.007906533642808264,0.728346934064743,0.014860034322224252,-0.17968042587324956,-0.05768696661503133,-1.5610087252754732,-0.8680463044022328,1254
NAT,Nordic American Tankers,tanker_shipping,1.1887674834036865,-0.19590009648345208,0.5290724539555719,0.022018018234827297,0.05860360779568753,-0.11228340227300193,0.3436137236931324,-1.140308439886057,1254
TEN,Tsakos Energy Navigation,tanker_shipping,1.1310660334002636,0.004048785020107008,0.5654517562680933,0.019532713101465725,0.15879375907214743,0.015965709615222843,1.0495309094600385,0.1827724178572067,1254
STNG,Scorpio Tankers,tanker_shipping,1.1412026099281176,-0.03755227139522326,0.6212941599619413,0.017530293216630518,-0.11012748564462166,-0.0020013093485385137,-0.8110187939444279,-0.02552760351488339,1254
ASC,Ardmore Shipping,tanker_shipping,1.12385843975414,-0.018523547388331577,0.5835121100504908,0.01871196235461772,0.05919171830611632,0.13116261385722722,0.40838143160047463,1.5673851578636726,1254
NVGS,Navigator Holdings,tanker_shipping,0.7210575172032593,-0.08949615062398557,0.41823716615666806,0.01724537008960621,0.035093061173170376,0.08139432706317008,0.262707885816926,1.0553745576373135,1254
LPG,Dorian LPG,tanker_shipping,0.8987065536435738,0.0993147433690383,0.44156214384659354,0.020230807538516533,-0.07256804306205424,0.04341788796118966,-0.463080579311381,0.47988864871485404,1254
GLNG,Golar LNG,tanker_shipping,0.6637440658959066,0.13108550983732511,0.2981261734845264,0.020719778101170993,0.02384346706816836,-0.06300448849279525,0.14856232278800655,-0.6799412545326987,1254
FLNG,FLEX LNG,tanker_shipping,0.6397531729509893,0.12022609727475553,0.26969962192925356,0.021462006365458475,0.007943258934747226,0.0034599993449480476,0.047780729420218375,0.03604879061941003,1254
TK,Teekay Corporation,tanker_shipping,0.9651799091380298,0.027154327300885635,0.6067675193213111,0.015469893983160623,-0.025573661184548183,-0.001874939251819207,-0.21341745883352672,-0.027100971896213237,1254
SFL,SFL Corporation,tanker_shipping,0.6235098221741275,-0.040588555859359436,0.43813220664650654,0.014436220215742137,0.09974403767181074,0.022740963935290605,0.8919855544208527,0.35224137948332623,1254
LNG,Cheniere Energy,lng_terminals,0.419389460975913,0.1829630730485242,0.32142397941573975,0.015600789818569003,0.09586534411253425,-0.03528640229842685,0.7933035988224192,-0.5057615360394919,1254
CQP,Cheniere Energy Partners,lng_terminals,0.3883902452224682,0.08746359692984464,0.23825710845204673,0.017792158911593685,0.044762667153934274,0.006550415614658248,0.32479675509576195,0.08232376221475604,1254
VG,Venture Global,lng_terminals,1.5960188689421597,-0.6895623575660194,0.2719974452008673,0.049707787910900296,0.11893174370941993,-0.06710610127362607,0.308885644202367,-0.30187182021010467,321
NEXT,NextDecade,lng_terminals,1.143351158409902,0.0745907575923448,0.17802909593935223,0.04580803927504453,0.20635609848452185,-0.0069071017246565974,0.5815673008982721,-0.033716241140782095,1254
EE,Excelerate Energy,lng_terminals,0.5635334198016942,0.008326741062032622,0.20719344176612953,0.024990647170296837,-0.23390665920954626,0.034212250435296326,-1.2083408504953708,0.30611819339955365,1018
WMB,Williams Companies,midstream_gpt,0.8647672485739892,0.025909508416534565,0.6786777934653332,0.008408778537402383,-0.010295145937915988,-0.013980101679465248,-0.15806072422595077,-0.3717597930376718,1254
KMI,Kinder Morgan,midstream_gpt,0.8134447898552366,-0.05962364566093033,0.6590227479511536,0.008309608721302625,-0.051555504368389474,-0.05290354595659209,-0.8009747771966295,-1.423604034525224,1254
OKE,ONEOK,midstream_gpt,1.0543591774388683,-0.14761846607638343,0.6727794614957041,0.010225738401270881,-0.044000886246749034,-0.018085549865877924,-0.5555090268781842,-0.3954777378769947,1254
TRGP,Targa Resources,midstream_gpt,1.2570354806903512,0.07060742970127493,0.7034790458608333,0.011160135838296257,-0.007487504137735334,-0.008540194522726125,-0.08661477258666042,-0.17111310982754416,1254
AM,Antero Midstream,midstream_gpt,0.9545178812550651,-0.029292323930392036,0.6262302227739132,0.010323429470186711,-0.01880737454353127,-0.07704117494403016,-0.23519525368108937,-1.6687216659813078,1254
DTM,DT Midstream,midstream_gpt,0.8676519978823761,0.07228316896073465,0.5635169005980196,0.010799650816495804,-0.006015621104118815,0.04899018529166069,-0.07191096807734798,1.0143419116397707,1216
HESM,Hess Midstream,midstream_gpt,0.8491138513526375,-0.0591972110185456,0.4786746595752488,0.012522396740596057,-0.02810296425265685,-0.05549788449787118,-0.2897270514164675,-0.9910007238659395,1254
KNTK,Kinetik Holdings,midstream_gpt,1.1719313026167175,-0.1698745556719476,0.42431568051038016,0.01869118451314373,0.06614491223571445,0.06298682065753518,0.45686090385751565,0.7535253454792836,1254
AROC,Archrock,midstream_gpt,1.2789791933337475,-0.019447797865561275,0.5741136676402115,0.014989272769212483,0.07302374107900367,0.06915363548969197,0.6289380799884365,1.0316192935243873,1254
KGS,Kodiak Gas Services,midstream_gpt,1.2768916152308551,0.19607773138418047,0.41429199225125146,0.018266888087076,0.18533120676038956,0.1404306466507571,1.3098101765590306,1.7190255424924452,715
USAC,USA Compression Partners,midstream_gpt,0.7549843735573432,-0.0009391814680622742,0.36883462375545983,0.014090027284494044,-0.057050864690830275,-0.0477390739971016,-0.5227268061609309,-0.7576125474071072,1254
KRP,Kimbell Royalty Partners,midstream_gpt,0.7530771422028597,-0.07768396698466401,0.3612577020917218,0.014255027070870676,-0.0048482940676693835,-0.00782574959607998,-0.043908164439687834,-0.12275604939035413,1254
EPD,Enterprise Products,midstream_pipelines,0.5953874430597687,0.021821866387855552,0.5474983125605094,0.007277569636323945,0.01981335439429123,-0.021287953078226906,0.351476273152992,-0.654082510556171,1254
ET,Energy Transfer,midstream_pipelines,0.9224354496623307,-0.0013486852209579148,0.5742586598802377,0.010356834588384666,0.013346306364170689,0.010768408875221538,0.1663636440287982,0.23249279544844928,1254
MPLX,MPLX,midstream_pipelines,0.6749921032066206,0.05894926937709648,0.5409460059696267,0.008297672040303655,-0.06822749327122514,-0.03343074381641815,-1.0615183949965783,-0.9008962435343022,1254
PAA,Plains All American,midstream_pipelines,1.060926130036512,-0.0035713989128090618,0.6425229358056618,0.010183789170844622,0.06931255507486575,0.005052744094313461,0.8786721948793547,0.11094376639435528,1254
PAGP,Plains GP Holdings,midstream_pipelines,1.091567661940184,-0.005728527285195501,0.6458720990072377,0.010375650969464453,0.05903651113112179,-0.013012216365312235,0.7345641094453832,-0.2804277092242552,1254
WES,Western Midstream,midstream_pipelines,1.0309793072585607,-0.031104766318328852,0.5157022771636701,0.012861731332171606,-0.07164520485301254,-0.015612885314721527,-0.7191377222475533,-0.2714368072772594,1254
SUN,Sunoco LP,midstream_pipelines,0.67118423079957,0.03230306188703112,0.3662447259960119,0.011754285864988718,0.07418034327502267,-0.0020959194577631728,0.8147361096484838,-0.039871570563742215,1254
DKL,Delek Logistics,midstream_pipelines,0.6904915995484899,-0.023655696249805645,0.21547331739964826,0.017428767281761702,-0.07334266026018169,0.052381070400783256,-0.5432682972965829,0.6720362505093603,1254
GEL,Genesis Energy,midstream_pipelines,1.3475423451557944,-0.16733300577324156,0.4111347207916508,0.0201002226333363,-0.13871055303196264,-0.11350613942639466,-0.8909083108778182,-1.2627096139723686,1254
NGL,NGL Energy Partners,midstream_pipelines,1.090728751371445,0.14977260881075916,0.13672737366821264,0.03452285539714206,0.15478784595004014,0.14898647552771754,0.5788346518689691,0.9649951696511877,1254
GLP,Global Partners,midstream_pipelines,0.8817610920832288,-0.0030202013721161818,0.2559374054424497,0.019591257499963363,-0.051483646549468874,-0.022533229592769495,-0.33925898782232294,-0.25718529360423503,1254
VLO,Valero Energy,downstream_refiners,0.9788664795411155,0.04827889816623144,0.7600912584723132,0.01141364360485636,-0.036019396786124994,-0.060996332346333185,-0.407414519916446,-1.1949904011943846,1254
MPC,Marathon Petroleum,downstream_refiners,0.8379499271104478,0.13934274423939957,0.7185037088732145,0.01102793433747265,-0.0007849994108003397,0.013531495293227114,-0.00918966191302488,0.2743699988316086,1254
PSX,Phillips 66,downstream_refiners,0.8270610929025953,-0.00035019260980665074,0.6864620481398418,0.011762342498631648,-0.0687824328625643,-0.013802672451062412,-0.7549324380449207,-0.26239427967115964,1254
DINO,HF Sinclair,downstream_refiners,1.0043690307125073,-0.046854876958863347,0.7176987616705467,0.013038767095894908,0.0374787925834127,0.17850523135653942,0.3710850329226285,3.061254401715761,1254
PBF,PBF Energy,downstream_refiners,1.637277210296141,-0.1476902218039878,0.6983981948584761,0.02100573905374828,-0.09745770580494437,-0.09838103912886109,-0.5989665817459516,-1.0472694658650703,1254
PARR,Par Pacific,downstream_refiners,1.2293594624975859,0.04288078369986735,0.5976188174053257,0.020397549304917256,0.17299645485001752,-0.027886821856598326,1.0949230200341122,-0.30570745737944277,1254
CVI,CVR Energy,downstream_refiners,1.3456052735340998,-0.13326375733740609,0.6374453756856435,0.020341428623893716,0.07384094001496144,-0.04545751773364833,0.4686408482478617,-0.4996999061385638,1254
DK,Delek US,downstream_refiners,1.3701204779473102,-0.147353527098481,0.6757398726796264,0.018983460301237574,0.05110055002290473,0.014857483634875695,0.3475158130291746,0.17500678408986836,1254
CLMT,Calumet,downstream_refiners,0.6233496546971028,0.23380514333464808,0.12948945834653047,0.03432659640838754,0.12588073521708637,-0.046851916797533776,0.4734268682936811,-0.3051979566778463,1254
WKC,World Kinect,downstream_refiners,0.5558266261845913,-0.14915853967762815,0.28165424064134503,0.019098034678841375,-0.10320598514061072,0.108094385386595,-0.6976547908379945,1.2656087276785168,1254
CAPL,CrossAmerica Partners,downstream_refiners,0.2507146457370058,0.044973635322765576,0.12231263923214097,0.01489189626700319,-0.1017249774045749,-0.02721123793077465,-0.8818647321501203,-0.4085858286560397,1254
WLK,Westlake Corp,petrochem,0.9570906191884849,0.037769510238335954,0.6738007642829775,0.013254565287019527,-0.19701207051616904,-0.2187168338795482,-1.91889725436264,-3.689790632795412,1254
LYB,LyondellBasell,petrochem,0.832155533914805,0.007900879842385668,0.692306677198514,0.011502388837054532,0.1817264753392892,0.0286612976210531,2.0396447570574714,0.557176519694488,1254
DOW,Dow Inc,petrochem,0.8632906171693723,-0.047250709695884144,0.7164320371496757,0.011226400410630812,0.057362047540121,0.017472797340627982,0.6596422916849667,0.34802217257211077,1254
OLN,Olin,petrochem,1.1039765082004562,-0.06647694005564465,0.5548626646835517,0.018816445477983737,-0.029010307940681518,0.029966690411229624,-0.19903943362393892,0.3561116625273516,1254
SLB,Schlumberger,ofs_onshore,0.7651219003630588,0.05756052296705488,0.6416454710435002,0.014263808617210992,-0.04156005101775483,-0.02454350713959305,-0.37615335842601416,-0.38475663718707676,1254
HAL,Halliburton,ofs_onshore,0.8780651569020499,0.047409082513386026,0.7392044481324802,0.012931062198585495,0.0032210672909821735,-0.03029087176255646,0.03215806967595704,-0.5237964779584328,1254
BKR,Baker Hughes,ofs_onshore,0.6482538855760593,0.16527372283238828,0.5441843822975465,0.014897371211067038,-0.021363846908112688,-0.024685367895267735,-0.18513741365003952,-0.3705228250095806,1254
LBRT,Liberty Energy,ofs_onshore,1.142675875846559,0.0703609518497742,0.6510996965203015,0.020438439953784675,0.06946276393188264,0.02007605929612664,0.43876168060126586,0.21964217135928227,1254
PTEN,Patterson-UTI,ofs_onshore,1.2277863153392161,-0.02910560018675886,0.7281733053329108,0.01826347314406918,0.12297922608005984,-0.01064328123808491,0.8693061660658989,-0.13030982751347284,1254
HP,Helmerich & Payne,ofs_onshore,1.020566165103324,-0.0032019156700316596,0.6697975827104085,0.01762947643977899,-0.04327880587472215,0.013823349220566439,-0.31692772228964344,0.1753310635145146,1254
AESI,Atlas Energy Solutions,ofs_onshore,0.9176030096199114,-0.03201216306146367,0.4261356626646614,0.023201930033104383,0.30724200995520007,0.4096699323728948,1.7095462692313081,3.948162139169111,792
WTTR,Select Water Solutions,ofs_onshore,0.9449629318234205,0.11707364735979092,0.5370333316610265,0.021651101531583464,0.13467465757356936,0.0253490008080096,0.8030272042244583,0.26179771447527406,1254
NESR,National Energy Services Reunited,ofs_onshore,0.650792139071036,0.4039472636333405,0.23716153566073017,0.02763424786640038,-0.03025629480177225,-0.0718970764253486,-0.14134891174619116,-0.5817663322982939,458
XPRO,Expro Group,ofs_onshore,1.0461009681423472,-0.18470181537682032,0.5024604235341081,0.025535733019841286,-0.15901416282255956,-0.1597882760911395,-0.8039181852143747,-1.3992057602954724,1254
SEI,Solaris Energy Infrastructure,ofs_onshore,0.9768698724987266,0.3564075507032764,0.3327858335036742,0.03407673950286562,0.15679651160373265,0.11467812544036042,0.5940222832778228,0.752501817244957,1254
NBR,Nabors Industries,ofs_onshore,1.4576411261271753,-0.15138903323069874,0.683387259593254,0.02381572387939021,0.16859656191940237,0.037850822863193474,0.9139223590942304,0.35538291153789997,1254
ACDC,ProFrac Holding,ofs_onshore,1.3393304813076228,-0.3648385616299022,0.4005163351920582,0.03795742140386512,0.13953072993299562,0.036867874155948374,0.4745670045784766,0.2171882855831025,997
RES,RPC Inc,ofs_onshore,1.123594221498537,-0.05038343936974622,0.664093335262281,0.01952699466543808,0.1054616482066198,-0.013551929416113894,0.6972419705232716,-0.15518535196993083,1254
PUMP,ProPetro,ofs_onshore,1.2634220410007384,-0.060003326293431074,0.6440146433064233,0.022808464300514655,0.13861556076745973,0.005467772792646264,0.7845855692053468,0.053604273785346566,1254
TTI,TETRA Technologies,ofs_onshore,1.07722997145096,0.11036115486399062,0.4663224606252159,0.02818875099785557,-0.38652601202664566,0.05120865127656998,-1.7702200989903734,0.40621177326800606,1254
CLB,Core Laboratories,ofs_onshore,0.9993002992379786,-0.2983004593495843,0.53233233640464,0.023057608877354085,-0.4334745360560807,-0.296301455821493,-2.427021911479947,-2.873455788816547,1254
CLNE,Clean Energy Fuels,ofs_onshore,0.7587757226771398,-0.36933900839229783,0.2083118839115793,0.0368295348924915,-0.23783508342395981,-0.12089556272911706,-0.8336889762828551,-0.7340051869498587,1254
NGS,Natural Gas Services Group,ofs_onshore,0.5305042851628563,0.24626939140149284,0.23415025753916374,0.024235000376781984,-0.042084984717773374,-0.022351341605018782,-0.22418601527164894,-0.20622702059053016,1254
FLOC,Flowco Holdings,ofs_onshore,0.7813428097400748,-0.3439505447849391,0.3146733440290248,0.02773250935647113,0.031307660124502125,0.07911853203298522,0.1457423664916511,0.6379315107468564,326
NOV,NOV Inc,ofs_equipment,0.875702421070536,-0.17785567730546023,0.645398061753752,0.015897340846011583,0.060366345920067316,0.09448353284891714,0.49022423453180497,1.3289744759892854,1254
FTI,TechnipFMC,ofs_equipment,0.8190028009149051,0.28855582569976446,0.5607995345538743,0.017871856828398563,0.11893951691888992,0.027966502261763074,0.8591734902084286,0.3499076830720526,1254
WFRD,Weatherford International,ofs_equipment,0.901770740425207,0.30059190174657013,0.4458292115676381,0.024374320726622736,-0.08855932534395229,0.06406629639021275,-0.46905757368636974,0.5877357379592275,1254
WHD,Cactus Inc,ofs_equipment,0.9015602469448264,-0.13002182012389782,0.6025657647059943,0.017783841032428496,-0.09490460036562297,0.06890320782627221,-0.6889474102253504,0.8663609637895006,1254
FET,Forum Energy Technologies,ofs_equipment,0.7794441234841906,0.012169358015298355,0.37681119742801794,0.024705545813808186,0.11608154235726939,-0.05943969976843647,0.6065869902787835,-0.5379812704648566,1254
OIS,Oil States International,ofs_equipment,1.236755507918986,-0.25669688667715157,0.5564724919992742,0.02532850874426252,-0.06681961234867334,-0.2576010601456243,-0.3405796585965862,-2.274170530043968,1254
CNR,Core Natural Resources,coal,0.9564272572891361,0.04246843513935319,0.5771640467721959,0.022704284503999063,0.09166771892173996,0.03691169034316506,0.5212342905384046,0.36353071931071773,1254
ARLP,Alliance Resource Partners,coal,0.37893510647299283,0.24698088924213235,0.38075887185585244,0.01687546132566791,0.08314382894954195,-0.020656879971758583,0.6360609618252893,-0.2737121488326363,1254
BTU,Peabody Energy,coal,1.3321418818969555,-0.2172217854785957,0.5561645617104098,0.029053764870409875,-0.3470749183065864,-0.08854182562499581,-1.542215939406806,-0.6814453886871783,1254
VST,Vistra,power_ipps_merchant,1.088187257639995,-0.0025512524352928508,0.6045985850515962,0.019051126474137647,-0.09958495134900369,-0.08938056200035088,-0.674834737692373,-1.0490771386733229,1254
NRG,NRG Energy,power_ipps_merchant,0.715821375028511,-0.058156336902250194,0.4702372615454239,0.018075411984631102,-0.12379500844143798,-0.1412059686324246,-0.8841771839833412,-1.746826821758046,1254
TLN,Talen Energy,power_ipps_merchant,0.8901178261020659,0.23940656584445824,0.5215343401994916,0.021650866645573013,0.006677225915852528,0.17744458429432658,0.039814856982101764,1.8326201866031797,733
CEG,Constellation Energy,power_ipps_merchant,0.9078832813142974,0.05238280206140701,0.46337354540043907,0.02261543260298719,0.08102364267696993,0.06922686922357524,0.4625207695496628,0.6844705921431539,1077
NEE,NextEra Energy,power_utilities_regulated_gas,1.1046587626857396,-0.015149479659464376,0.44591327843678374,0.012588638739777723,0.031035190512597496,0.052593969781277373,0.318273162773507,0.934204992839301,1254
SO,Southern Company,power_utilities_regulated_gas,0.9563294502817375,0.028043841276960593,0.7031198789014776,0.006376307848802369,0.008565117107154477,-0.008206090072473724,0.1734156960471316,-0.2877742992754639,1254
DUK,Duke Energy,power_utilities_regulated_gas,0.9398801621255263,0.005302554911807158,0.734986587767606,0.005793862337358622,0.0008577497135726243,-0.015936192640583585,0.019112468577080786,-0.6150372233925431,1254
AEP,American Electric Power,power_utilities_regulated_gas,1.023351908295085,0.0352313416694347,0.6990918286053285,0.00687726301084737,0.051009627244622886,0.016433711849994863,0.9575487443336397,0.5343244363531275,1254
SRE,Sempra,power_utilities_regulated_gas,1.0222546169596496,0.009716697209136881,0.5171440858390937,0.010116183813451378,0.03349454981546047,-0.02069937298390583,0.4274465418191286,-0.45753622054683474,1254
D,Dominion Energy,power_utilities_regulated_gas,1.0890169506785112,-0.09644521404435885,0.6210850827483632,0.008698725925005752,-0.022445566014196436,0.019976867624794625,-0.333118911584072,0.5135192713469243,1254
ETR,Entergy,power_utilities_regulated_gas,1.079098875190037,0.09679338157253797,0.6123521986266312,0.008784179975896497,0.08265917453010088,0.02071297589268851,1.2148263781964854,0.5272617619340046,1254
XEL,Xcel Energy,power_utilities_regulated_gas,1.0341377758343968,-0.029879025510859785,0.6570651333430271,0.0076506136943139125,0.026236333284929293,0.02663320681567834,0.44272213941738725,0.7784167816881009,1254
EXC,Exelon,power_utilities_regulated_gas,1.0029292454125918,0.02269050140991481,0.620512179723548,0.008039316187944236,-0.014016476164014252,-0.05737191690377706,-0.22508373219249295,-1.5957514693686858,1254
ED,Consolidated Edison,power_utilities_regulated_gas,0.94536825257868,0.020581682404578507,0.6756801476104217,0.006721997463181405,-0.03355679373511784,-0.030986545715535937,-0.6444756140819222,-1.0307653787041209,1254
PEG,Public Service Enterprise Group,power_utilities_regulated_gas,0.971739639579856,-0.0011549935017074245,0.600538592243232,0.008128252481757005,-0.054429604498707984,-0.008403791136124975,-0.8644947657867073,-0.23118681772325642,1254
WEC,WEC Energy Group,power_utilities_regulated_gas,1.0292244900203775,-0.0210857744516242,0.7745254303864431,0.00568765167464655,-0.004348647340890003,0.00793676889826787,-0.0987064591459461,0.3120295649844967,1254
PCG,PG&E Corporation,power_utilities_regulated_gas,0.9387503030694897,0.004329304451438693,0.29566279086000713,0.014870181181102777,-0.04579241835818019,-0.09762712731460622,-0.3975590961173079,-1.4680446086353385,1254
AEE,Ameren,power_utilities_regulated_gas,1.0486805355722297,-0.006051229482391374,0.7856157271496567,0.0056097343150397876,0.01699617563530798,0.006883456197369832,0.3911409553941724,0.2743779850000255,1254
DTE,DTE Energy,power_utilities_regulated_gas,1.0183356945964084,-0.01832997385434848,0.7742493152399954,0.005634336429818267,0.025870619153802094,-0.007724050514239867,0.5927730111422184,-0.3065401263594697,1254
CNP,CenterPoint Energy,power_utilities_regulated_gas,0.9758037198334905,0.05650666451016825,0.6474506368401374,0.007385680508966259,0.004194037349436044,-0.0026159167851573274,0.07331049494138496,-0.07919876506969574,1254
PPL,PPL Corporation,power_utilities_regulated_gas,0.9677114588903333,0.004023394388743525,0.7116507916320294,0.006319547990215277,0.0012544367360711635,-0.027824935963994837,0.02562637177636129,-0.9845395332293633,1254
FE,FirstEnergy,power_utilities_regulated_gas,0.9278118635082185,0.0012157327566933841,0.6043351695140039,0.007710539051276402,-0.06629632621390491,-0.09160196361969822,-1.1100156363200189,-2.6564707884100613,1254
EIX,Edison International,power_utilities_regulated_gas,1.1045769313374758,-0.010307393731153422,0.49076773189294565,0.011500628681852544,0.047752727773558615,-0.04052634291767641,0.5360446648011058,-0.7879539471297355,1254
ES,Eversource Energy,power_utilities_regulated_gas,1.1490692302854275,-0.09913068459496796,0.6049257648699429,0.009481082689528542,0.0011346055592548025,0.02672447786579548,0.015449390396315292,0.630284020590888,1254
CMS,CMS Energy,power_utilities_regulated_gas,1.0279954110799872,-0.027027847935427632,0.7801221421324844,0.005590226186533099,-0.010422941917591702,-0.026125170652639633,-0.24070511113704376,-1.0449963123820174,1254
NI,NiSource,power_utilities_regulated_gas,1.0448316431853244,0.07036401680290433,0.7190343433375208,0.006689832973632777,0.015615934346338576,0.024669962812749163,0.3013540791288004,0.8245903009704517,1254
LNT,Alliant Energy,power_utilities_regulated_gas,1.102013552003831,-0.00977954726389953,0.8220263427816066,0.005241419722695407,0.045273940719900256,0.03734246959972052,1.1151254666498642,1.593085554876233,1254
EVRG,Evergy,power_utilities_regulated_gas,1.0047878416681664,0.004946555049065925,0.747721007198916,0.005982336275679649,0.01644770316660456,0.004100660000405843,0.3549431610667599,0.15327380626860626,1254
PNW,Pinnacle West Capital,power_utilities_regulated_gas,1.020692724195897,-0.010257768273429169,0.6587733406336753,0.007524865684169927,0.0450975595015535,0.015727813546065256,0.773710806433625,0.46736329527353404,1254
AES,AES Corp,power_utilities_regulated_gas,1.0896447928406603,-0.1739062199080911,0.21757322902686738,0.02111912138253729,-0.10332381585708246,0.06021975888775903,-0.6316099532624982,0.6375997941515621,1254
OGE,OGE Energy,power_utilities_regulated_gas,1.027441323899708,0.028039002103916695,0.7941444075030858,0.005358013464409421,0.03717505354555493,-1.0928804928997046e-05,0.8957198050650601,-0.0004560934924183837,1254
IDA,IDACORP,power_utilities_regulated_gas,0.988176871585142,0.015298841999227195,0.7058747172907004,0.006540079543605918,0.02756920883563564,0.02373748747690089,0.5442089094717647,0.8115900618562673,1254
MDU,MDU Resources,power_utilities_regulated_gas,0.8702621529508644,0.06460428232745125,0.37783235372841906,0.011483372456686037,0.061843053626526784,0.031744032531258376,0.6952577670528454,0.6181269038132631,1254
NWE,NorthWestern Energy,power_utilities_regulated_gas,0.9780068537344184,-0.02647194623814311,0.5751712671746345,0.008619070180012305,0.03189069178161097,0.04369599519909949,0.47766992490535176,1.1336166612992054,1254
POR,Portland General Electric,power_utilities_regulated_gas,1.0593228377642698,-0.05332775237963419,0.6872550822685594,0.0073122908657341605,-0.056338738350703625,-0.05726149501112781,-0.994667742230669,-1.7510325791080448,1254
BKH,Black Hills Corporation,power_utilities_regulated_gas,1.0985865765088576,-0.036278323702343164,0.6494787783613265,0.008251894153477995,0.007852642815805772,0.04214542488018353,0.12285322732644997,1.1420412479840298,1254
TXNM,TXNM Energy,power_utilities_regulated_gas,0.39652651330012384,0.03475705806364874,0.19561330078460726,0.00837726037102884,-0.013564263688097648,0.01871773649623677,-0.20903479594692476,0.49961597630722676,1254
OTTR,Otter Tail,power_utilities_regulated_gas,0.8437308765652194,0.07608601935772549,0.25014047740326484,0.015029265895926652,-0.015046847003059903,0.002828007977578314,-0.12925046430372988,0.04207536231354245,1254
AVA,Avista,power_utilities_regulated_gas,0.9929377013985722,-0.06630522663517834,0.5623211771002461,0.008979099747473157,-0.023047340365447748,0.011505826260250747,-0.331369394557521,0.2865299459721785,1254
MGEE,MGE Energy,power_utilities_regulated_gas,1.019258144068985,-0.04937871521134973,0.5298984398735771,0.009835928397785146,0.0028683973559861277,0.052358098702675084,0.03764855653260361,1.1902919901103415,1254
HE,Hawaiian Electric Industries,power_utilities_regulated_gas,1.2073660752469513,-0.3044859301928274,0.13299494145897306,0.03142829016285963,-0.07470504481596499,0.04960173798193484,-0.30686937676279563,0.3529077062576276,1254
ATO,Atmos Energy,power_utilities_regulated_ldc,0.79638210263076,0.08644254386257565,0.5947967782570278,0.007427648946884691,0.044427468222360905,0.01745189477219019,0.772190706057944,0.5253832447635773,1254
NJR,New Jersey Resources,power_utilities_regulated_ldc,0.9718410135181437,0.006922482804161667,0.667925689201778,0.0075653289086975405,0.04485982651451862,0.019519080635553795,0.7655157852411915,0.5769212639151765,1254
NFG,National Fuel Gas,power_utilities_regulated_ldc,0.7802750187481127,0.06358848498532411,0.394854070856152,0.010888692296793743,-0.07906399922918628,-0.12950698083018677,-0.9374053496744245,-2.659515071266461,1254
SR,Spire,power_utilities_regulated_ldc,0.998369744653629,-0.010352105440116013,0.6536911974717172,0.007989076359140838,-0.009233989258625192,-0.02971800032410321,-0.14921660948867427,-0.8317791180456546,1254
OGS,ONE Gas,power_utilities_regulated_ldc,1.0675423040038734,-0.029073157218599294,0.604831717859619,0.009431968495397873,0.04158136164404931,0.023760982623379532,0.5691421369731701,0.5633094765317773,1254
SWX,Southwest Gas Holdings,power_utilities_regulated_ldc,0.8895635481999106,0.018825677569337135,0.37660014142862563,0.012707272836275155,0.07951534420772446,0.056987116355747235,0.8078355543641549,1.0027884633859268,1254
UGI,UGI Corporation,power_utilities_regulated_ldc,0.9484540314807743,-0.09844120534174614,0.35643332313200926,0.01402171019362711,-0.06527526148899175,-0.01333166844905747,-0.6009965907038024,-0.21260257482094175,1254
CPK,Chesapeake Utilities,power_utilities_regulated_ldc,0.9718774571282598,-0.05232393120023151,0.5507449217692064,0.009676781958721585,-0.03954169275987708,0.021807117106441364,-0.5275318392454732,0.5039092174579022,1254
CWEN,Clearway Energy,power_renewables,0.6656732427273566,0.15334108026597362,0.4121251066428777,0.014561300084814903,-0.06136842627178626,-0.0954036877164982,-0.5440880771844605,-1.465041787448084,1254
ORA,Ormat Technologies,power_renewables,0.5233364783178842,0.13125302708312422,0.261008903108653,0.01676411433116568,-0.11935933777954237,-0.0058342602331886585,-0.9191791432232284,-0.0778198133353251,1254
XIFR,XPLR Infrastructure (ex-NEP),power_renewables,0.9123922294712146,-0.41912426287254073,0.25929328103025684,0.02481415249936655,0.2093020634164557,0.13272924109278286,1.0889261762475735,1.1960577968278279,1254
